"","电影名","链接","导演","主演","发行年份","发行国家","影片类型","影片评分","评价人数"
"1","肖申克的救赎","https://movie.douban.com/subject/1292052/","导演:弗兰克・德拉邦特FrankDarabont   主演:蒂姆・罗宾斯TimRobbins/...","主演:蒂姆・罗宾斯TimRobbins/...","1994","美国","犯罪剧情","9.6","820235人评价"
"2","这个杀手不太冷","https://movie.douban.com/subject/1295644/","导演:吕克・贝松LucBesson   主演:让・雷诺JeanReno/娜塔丽・波特曼...","主演:让・雷诺JeanReno/娜塔丽・波特曼...","1994","法国","剧情动作犯罪","9.4","787402人评价"
"3","霸王别姬","https://movie.douban.com/subject/1291546/","导演:陈凯歌KaigeChen   主演:张国荣LeslieCheung/张丰毅FengyiZha...","主演:张国荣LeslieCheung/张丰毅FengyiZha...","1993","中国大陆香港","剧情爱情同性","9.5","585220人评价"
"4","阿甘正传","https://movie.douban.com/subject/1292720/","导演:RobertZemeckis   主演:TomHanks/RobinWrightPenn/GarySinise","主演:TomHanks/RobinWrightPenn/GarySinise","1994","美国","剧情爱情","9.4","675560人评价"
"5","美丽人生","https://movie.douban.com/subject/1292063/","导演:罗伯托・贝尼尼RobertoBenigni   主演:罗伯托・贝尼尼RobertoBeni...","主演:罗伯托・贝尼尼RobertoBeni...","1997","意大利","剧情喜剧爱情战争","9.5","391761人评价"
"6","千与千寻","https://movie.douban.com/subject/1291561/","导演:宫崎骏HayaoMiyazaki   主演:艾美RumiH<U+00EE>ragi/入野自由Miy...","主演:艾美RumiH<U+00EE>ragi/入野自由Miy...","2001","日本","剧情动画奇幻","9.2","627283人评价"
"7","辛德勒的名单","https://movie.douban.com/subject/1295124/","导演:史蒂文・斯皮尔伯格StevenSpielberg   主演:连姆・尼森LiamNeeson...","主演:连姆・尼森LiamNeeson...","1993","美国","剧情历史战争","9.4","362756人评价"
"8","泰坦尼克号","https://movie.douban.com/subject/1292722/","导演:詹姆斯・卡梅隆JamesCameron   主演:莱昂纳多・迪卡普里奥Leonardo...","主演:莱昂纳多・迪卡普里奥Leonardo...","1997","美国","剧情爱情灾难","9.2","621692人评价"
"9","盗梦空间","https://movie.douban.com/subject/3541415/","导演:克里斯托弗・诺兰ChristopherNolan   主演:莱昂纳多・迪卡普里奥Le...","主演:莱昂纳多・迪卡普里奥Le...","2010","美国英国","剧情动作科幻悬疑冒险","9.2","729579人评价"
"10","机器人总动员","https://movie.douban.com/subject/2131459/","导演:安德鲁・斯坦顿AndrewStanton   主演:本・贝尔特BenBurtt/艾丽...","主演:本・贝尔特BenBurtt/艾丽...","2008","美国","喜剧爱情科幻动画冒险","9.3","479110人评价"
"11","海上钢琴师","https://movie.douban.com/subject/1292001/","导演:朱塞佩・托纳多雷GiuseppeTornatore   主演:蒂姆・罗斯TimRoth/...","主演:蒂姆・罗斯TimRoth/...","1998","意大利","剧情音乐","9.2","574890人评价"
"12","三傻大闹宝莱坞","https://movie.douban.com/subject/3793023/","导演:拉库马・希拉尼RajkumarHirani   主演:阿米尔・汗AamirKhan/卡...","主演:阿米尔・汗AamirKhan/卡...","2009","印度","剧情喜剧爱情歌舞","9.1","635246人评价"
"13","忠犬八公的故事","https://movie.douban.com/subject/3011091/","导演:莱塞・霍尔斯道姆LasseHallstr<U+00F6>m   主演:理查・基尔RichardGer...","主演:理查・基尔RichardGer...","2009","美国英国","剧情","9.2","427622人评价"
"14","放牛班的春天","https://movie.douban.com/subject/1291549/","导演:克里斯托夫・巴拉蒂ChristopheBarratier   主演:杰拉尔・朱诺Géra...","主演:杰拉尔・朱诺Géra...","2004","法国瑞士德国","剧情音乐","9.2","430423人评价"
"15","大话西游之大圣娶亲","https://movie.douban.com/subject/1292213/","导演:刘镇伟JeffreyLau   主演:周星驰StephenChow/吴孟达ManTatNg...","主演:周星驰StephenChow/吴孟达ManTatNg...","2017","香港中国大陆","动作冒险喜剧奇幻爱情","9.2","462475人评价"
"16","教父","https://movie.douban.com/subject/1291841/","导演:弗朗西斯・福特・科波拉FrancisFordCoppola   主演:马龙・白兰度M...","主演:马龙・白兰度M...","1972","美国","剧情犯罪","9.2","328204人评价"
"17","龙猫","https://movie.douban.com/subject/1291560/","导演:宫崎骏HayaoMiyazaki   主演:日高法子NorikoHidaka/坂本千夏Ch...","主演:日高法子NorikoHidaka/坂本千夏Ch...","1988","日本","动画奇幻","9.1","399225人评价"
"18","楚门的世界","https://movie.douban.com/subject/1292064/","导演:彼得・威尔PeterWeir   主演:金・凯瑞JimCarrey/劳拉・琳妮Lau...","主演:金・凯瑞JimCarrey/劳拉・琳妮Lau...","1998","美国","剧情科幻","9.0","425807人评价"
"19","乱世佳人","https://movie.douban.com/subject/1300267/","导演:维克多・弗莱明VictorFleming/乔治・库克GeorgeCukor   主演:托...","主演:托...","1939","美国","剧情爱情战争","9.2","260166人评价"
"20","天堂电影院","https://movie.douban.com/subject/1291828/","导演:朱塞佩・托纳多雷GiuseppeTornatore   主演:安东娜拉・塔莉Antonel...","主演:安东娜拉・塔莉Antonel...","1988","意大利法国","剧情爱情","9.1","297192人评价"
"21","当幸福来敲门","https://movie.douban.com/subject/1849031/","导演:加布里尔・穆奇诺GabrieleMuccino   主演:威尔・史密斯WillSmith...","主演:威尔・史密斯WillSmith...","2006","美国","剧情传记家庭","8.9","515392人评价"
"22","触不可及","https://movie.douban.com/subject/6786002/","导演:奥利维・那卡什OlivierNakache/艾力克・托兰达EricToledano   主...","主...","2011","法国","剧情喜剧","9.1","348719人评价"
"23","搏击俱乐部","https://movie.douban.com/subject/1292000/","导演:大卫・芬奇DavidFincher   主演:爱德华・诺顿EdwardNorton/布拉...","主演:爱德华・诺顿dwardNorton/布拉...","1999","美国德国","剧情动作悬疑惊悚","9.0","390015人评价"
"24","十二怒汉","https://movie.douban.com/subject/1293182/","导演:SidneyLumet   主演:亨利・方达HenryFonda/马丁・鲍尔萨姆Marti...","主演:亨利・方达HenryFonda/马丁・鲍尔萨姆Marti...","1957","美国","剧情","9.3","162051人评价"
"25","无间道","https://movie.douban.com/subject/1307914/","导演:刘伟强/麦兆辉   主演:刘德华/梁朝伟/黄秋生","主演:刘德华/梁朝伟/黄秋生","2002","香港","犯罪悬疑惊悚","9.0","377355人评价"
"26","指环王3：王者无敌","https://movie.douban.com/subject/1291552/","导演:彼得・杰克逊PeterJackson   主演:维果・莫腾森ViggoMortensen/...","主演:维果・莫腾森ViggoMortensen/...","2003","美国新西兰","剧情动作奇幻冒险","9.1","273496人评价"
"27","熔炉","https://movie.douban.com/subject/5912992/","导演:黄东赫Dong-hyukHwang   主演:孔侑YooGong/郑有美Yu-miJeong...","主演:孔侑YooGong/郑有美Yu-miJeong...","2011","韩国","剧情","9.2","228217人评价"
"28","怦然心动","https://movie.douban.com/subject/3319755/","导演:罗伯・莱纳RobReiner   主演:玛德琳・卡罗尔MadelineCarroll/卡...","主演:玛德琳・卡罗尔MadelineCarroll/卡...","2010","美国","剧情喜剧爱情","8.9","513754人评价"
"29","天空之城","https://movie.douban.com/subject/1291583/","导演:宫崎骏HayaoMiyazaki   主演:田中真弓MayumiTanaka/鹫尾真知子...","主演:田中真弓MayumiTanaka/鹫尾真知子...","1986","日本","动画奇幻冒险","9.0","316442人评价"
"30","罗马假日","https://movie.douban.com/subject/1293839/","导演:威廉・惠勒WilliamWyler   主演:奥黛丽・赫本AudreyHepburn/格...","主演:奥黛丽・赫本AudreyHepburn/格...","1953","美国","喜剧剧情爱情","8.9","369289人评价"
"31","少年派的奇幻漂流","https://movie.douban.com/subject/1929463/","导演:李安AngLee   主演:苏拉・沙玛SurajSharma/拉菲・斯波RafeSpa...","主演:苏拉・沙玛SurajSharma/拉菲・斯波RafeSpa...","2012","美国台湾英国加拿大","剧情奇幻冒险","9.0","555911人评价"
"32","大话西游之月光宝盒","https://movie.douban.com/subject/1299398/","导演:刘镇伟JeffreyLau   主演:周星驰StephenChow/吴孟达ManTatNg...","主演:周星驰StephenChow/吴孟达ManTatNg...","1995","香港中国大陆","喜剧动作爱情奇幻冒险古装","8.9","376082人评价"
"33","鬼子来了","https://movie.douban.com/subject/1291858/","导演:姜文WenJiang   主演:姜文WenJiang/香川照之TeruyukiKagawa/...","主演:姜文WenJiang/香川照之TeruyukiKagawa/...","2000","中国大陆","剧情战争","9.1","214685人评价"
"34","蝙蝠侠：黑暗骑士","https://movie.douban.com/subject/1851857/","导演:克里斯托弗・诺兰ChristopherNolan   主演:克里斯蒂安・贝尔Christ...","主演:克里斯蒂安・贝尔Christ...","2008","美国英国","剧情动作科幻犯罪惊悚","9.0","299794人评价"
"35","星际穿越","https://movie.douban.com/subject/1889243/","导演:克里斯托弗・诺兰ChristopherNolan   主演:马修・麦康纳MatthewMc...","主演:马修・麦康纳MatthewMc...","2014","美国英国加拿大","剧情科幻悬疑冒险家庭","9.1","455716人评价"
"36","两杆大烟枪","https://movie.douban.com/subject/1293350/","导演:GuyRitchie   主演:JasonFlemyng/DexterFletcher/NickMoran","主演:JasonFlemyng/DexterFletcher/NickMoran","1998","英国","剧情喜剧犯罪","9.0","262172人评价"
"37","飞屋环游记","https://movie.douban.com/subject/2129039/","导演:彼特・道格特PeteDocter   主演:爱德华・阿斯纳EdwardAsner/克...","主演:爱德华・阿斯纳dwardAsner/克...","2009","美国","剧情喜剧动画奇幻冒险","8.9","478241人评价"
"38","活着","https://movie.douban.com/subject/1292365/","导演:张艺谋YimouZhang   主演:葛优YouGe/巩俐LiGong/姜武WuJiang","主演:葛优YouGe/巩俐LiGong/姜武WuJiang","1994","中国大陆香港","剧情家庭","9.0","248683人评价"
"39","飞越疯人院","https://movie.douban.com/subject/1292224/","导演:米洛斯・福尔曼Milo<U+0161>Forman   主演:杰克・尼科尔森JackNichols...","主演:杰克・尼科尔森JackNichols...","1975","美国","剧情","9.0","265888人评价"
"40","窃听风暴","https://movie.douban.com/subject/1900841/","导演:弗洛里安・亨克尔・冯・多纳斯马FlorianHenckelvonDonnersmarck   ...","...","2006","德国","剧情悬疑","9.1","209864人评价"
"41","海豚湾","https://movie.douban.com/subject/3442220/","导演:LouiePsihoyos   主演:JohnChisholm/Mandy-RaeCruikshank/Char...","主演:JohnChisholm/Mandy-RaeCruikshank/Char...","2009","美国","纪录片","9.3","175470人评价"
"42","闻香识女人","https://movie.douban.com/subject/1298624/","导演:马丁・布莱斯MartinBrest   主演:阿尔・帕西诺AlPacino/克里斯...","主演:阿尔・帕西诺AlPacino/克里斯...","1992","美国","剧情","8.9","305397人评价"
"43","V字仇杀队","https://movie.douban.com/subject/1309046/","导演:詹姆斯・麦克特格JamesMcTeigue   主演:娜塔丽・波曼NataliePortm...","主演:娜塔丽・波曼NataliePortm...","2005","美国英国德国","剧情动作科幻惊悚","8.8","391614人评价"
"44","美丽心灵","https://movie.douban.com/subject/1306029/","导演:朗・霍华德RonHoward   主演:罗素・克劳RussellCrowe/詹妮弗・...","主演:罗素・克劳RussellCrowe/詹妮弗・...","2001","美国","传记剧情","8.9","290776人评价"
"45","教父2","https://movie.douban.com/subject/1299131/","导演:弗朗西斯・福特・科波拉FrancisFordCoppola   主演:阿尔・帕西诺A...","主演:阿尔・帕西诺A...","1974","美国","剧情犯罪","9.1","177014人评价"
"46","哈尔的移动城堡","https://movie.douban.com/subject/1308807/","导演:宫崎骏HayaoMiyazaki   主演:倍赏千惠子ChiekoBaish<U+00F4>/木村拓...","主演:倍赏千惠子ChiekoBaish<U+00F4>/木村拓...","2004","日本","爱情动画奇幻冒险","8.8","327781人评价"
"47","指环王2：双塔奇兵","https://movie.douban.com/subject/1291572/","导演:彼得・杰克逊PeterJackson   主演:伊利亚・伍德ElijahWood/西恩...","主演:伊利亚・伍德lijahWood/西恩...","2002","美国新西兰","剧情动作奇幻冒险","8.9","258469人评价"
"48","指环王1：魔戒再现","https://movie.douban.com/subject/1291571/","导演:彼得・杰克逊PeterJackson   主演:伊利亚・伍德ElijahWood/西恩...","主演:伊利亚・伍德lijahWood/西恩...","2001","新西兰美国","剧情动作奇幻冒险","8.9","288264人评价"
"49","天使爱美丽","https://movie.douban.com/subject/1292215/","导演:Jean-PierreJeunet   主演:奥黛丽・塔图AudreyTautou/马修・卡索...","主演:奥黛丽・塔图AudreyTautou/马修・卡索...","2001","法国德国","喜剧爱情","8.7","461197人评价"
"50","情书","https://movie.douban.com/subject/1292220/","导演:岩井俊二ShunjiIwai   主演:中山美穗MihoNakayama/丰川悦司Ets...","主演:中山美穗MihoNakayama/丰川悦司ts...","1995","日本","剧情爱情","8.8","353825人评价"
"51","死亡诗社","https://movie.douban.com/subject/1291548/","导演:彼得・威尔PeterWeir   主演:罗宾・威廉姆斯RobinWilliams/罗伯...","主演:罗宾・威廉姆斯RobinWilliams/罗伯...","1989","美国","剧情","8.9","260558人评价"
"52","美国往事","https://movie.douban.com/subject/1292262/","导演:SergioLeone   主演:罗伯特・德尼罗RobertDeNiro/詹姆斯・伍兹...","主演:罗伯特・德尼罗RobertDeNiro/詹姆斯・伍兹...","1984","意大利美国","犯罪剧情","9.1","165010人评价"
"53","七宗罪","https://movie.douban.com/subject/1292223/","导演:大卫・芬奇DavidFincher   主演:摩根・弗里曼MorganFreeman/布...","主演:摩根・弗里曼MorganFreeman/布...","1995","美国","剧情犯罪悬疑惊悚","8.7","415443人评价"
"54","钢琴家","https://movie.douban.com/subject/1296736/","导演:罗曼・波兰斯基RomanPolanski   主演:艾德里安・布洛迪AdrienBrod...","主演:艾德里安・布洛迪AdrienBrod...","2002","法国德国英国波兰","剧情传记历史战争","9.0","192627人评价"
"55","狮子王","https://movie.douban.com/subject/1301753/","导演:RogerAllers/罗伯・明可夫RobMinkoff   主演:乔纳森・泰勒・托马...","主演:乔纳森・泰勒・托马...","1994","美国","剧情动画冒险歌舞家庭","8.9","266904人评价"
"56","被嫌弃的松子的一生","https://movie.douban.com/subject/1787291/","导演:中岛哲也TetsuyaNakashima   主演:中谷美纪MikiNakatani/瑛太E...","主演:中谷美纪MikiNakatani/瑛太...","2006","日本","剧情歌舞","8.9","259757人评价"
"57","致命魔术","https://movie.douban.com/subject/1780330/","导演:克里斯托弗・诺兰ChristopherNolan   主演:克里斯蒂安・贝尔Christ...","主演:克里斯蒂安・贝尔Christ...","2006","美国英国","剧情悬疑惊悚","8.8","320741人评价"
"58","辩护人","https://movie.douban.com/subject/21937445/","导演:杨宇硕Woo-seokYang   主演:宋康昊Kang-hoSong/吴达洙Dal-suO...","主演:宋康昊Kang-hoSong/吴达洙Dal-suO...","2013","韩国","剧情","9.1","183400人评价"
"59","勇敢的心","https://movie.douban.com/subject/1294639/","导演:梅尔・吉布森MelGibson   主演:梅尔・吉布森MelGibson/苏菲・玛...","主演:梅尔・吉布森MelGibson/苏菲・玛...","1995","美国","动作传记剧情历史战争","8.8","283607人评价"
"60","控方证人","https://movie.douban.com/subject/1296141/","导演:比利・怀尔德BillyWilder   主演:查尔斯・劳顿CharlesLaughton/...","主演:查尔斯・劳顿CharlesLaughton/...","1957","美国","剧情犯罪悬疑","9.6","73063人评价"
"61","剪刀手爱德华","https://movie.douban.com/subject/1292370/","导演:TimBurton   主演:约翰尼・德普JohnnyDepp/薇诺娜・瑞德Winona...","主演:约翰尼・德普JohnnyDepp/薇诺娜・瑞德Winona...","1990","美国","剧情奇幻爱情","8.7","459966人评价"
"62","小鞋子","https://movie.douban.com/subject/1303021/","导演:马基德・马基迪MajidMajidi   主演:AmirFarrokhHashemian/默罕...","主演:AmirFarrokhHashemian/默罕...","1999","伊朗","剧情家庭儿童","9.2","127139人评价"
"63","饮食男女","https://movie.douban.com/subject/1291818/","导演:李安AngLee   主演:吴倩莲Chien-lienWu/杨贵媚Kuei-MeiYang/...","主演:吴倩莲Chien-lienWu/杨贵媚Kuei-MeiYang/...","1994","台湾美国","剧情家庭","9.0","176274人评价"
"64","音乐之声","https://movie.douban.com/subject/1294408/","导演:RobertWise   主演:朱丽・安德鲁斯JulieAndrews/克里斯托弗・普...","主演:朱丽・安德鲁斯JulieAndrews/克里斯托弗・普...","1965","美国","剧情爱情歌舞家庭传记","8.9","220407人评价"
"65","低俗小说","https://movie.douban.com/subject/1291832/","导演:昆汀・塔伦蒂诺QuentinTarantino   主演:约翰・特拉沃尔塔JohnTra...","主演:约翰・特拉沃尔塔JohnTra...","1994","美国","剧情喜剧犯罪","8.7","312657人评价"
"66","入殓师","https://movie.douban.com/subject/2149806/","导演:泷田洋二郎Y<U+00F4>jir<U+00F4>Takita   主演:本木雅弘MasahiroMotoki/...","主演:本木雅弘MasahiroMotoki/...","2008","日本","剧情","8.8","304475人评价"
"67","本杰明・巴顿奇事","https://movie.douban.com/subject/1485260/","导演:大卫・芬奇DavidFincher   主演:凯特・布兰切特CateBlanchett/...","主演:凯特・布兰切特CateBlanchett/...","2008","美国","剧情爱情奇幻","8.7","372963人评价"
"68","沉默的羔羊","https://movie.douban.com/subject/1293544/","导演:乔纳森・戴米JonathanDemme   主演:朱迪・福斯特JodieFoster/安...","主演:朱迪・福斯特JodieFoster/安...","1991","美国","剧情犯罪惊悚","8.7","331221人评价"
"69","蝴蝶效应","https://movie.douban.com/subject/1292343/","导演:埃里克・布雷斯EricBress/J・麦基・格鲁伯J.MackyeGruber   主...","主...","2004","美国加拿大","剧情悬疑科幻惊悚","8.7","360588人评价"
"70","黑客帝国","https://movie.douban.com/subject/1291843/","导演:安迪・沃卓斯基AndyWachowski/拉娜・沃卓斯基LanaWachowski   主...","主...","1999","美国澳大利亚","动作科幻","8.8","262683人评价"
"71","拯救大兵瑞恩","https://movie.douban.com/subject/1292849/","导演:史蒂文・斯皮尔伯格StevenSpielberg   主演:汤姆・汉克斯TomHanks...","主演:汤姆・汉克斯TomHanks...","1998","美国","剧情历史战争","8.8","220858人评价"
"72","玛丽和马克思","https://movie.douban.com/subject/3072124/","导演:AdamElliot   主演:托妮・科莱特ToniCollette/菲利普・塞默・霍...","主演:托妮・科莱特ToniCollette/菲利普・塞默・霍...","2009","澳大利亚","剧情爱情动画","8.9","223812人评价"
"73","西西里的美丽传说","https://movie.douban.com/subject/1292402/","导演:朱塞佩・托纳多雷GiuseppeTornatore   主演:莫妮卡・贝鲁奇Monica...","主演:莫妮卡・贝鲁奇Monica...","2000","意大利美国","剧情战争情色","8.7","320774人评价"
"74","素媛","https://movie.douban.com/subject/21937452/","导演:李F益Jun-ikLee   主演:薛景求Kyung-guSol/严志媛Ji-wonUhm...","主演:薛景求Kyung-guSol/严志媛Ji-wonhm...","2013","韩国","剧情家庭","9.1","158562人评价"
"75","心灵捕手","https://movie.douban.com/subject/1292656/","导演:格斯・范・桑特GusVanSant   主演:马特・达蒙MattDamon/罗宾・...","主演:马特・达蒙MattDamon/罗宾・...","1997","美国","剧情","8.7","252120人评价"
"76","幽灵公主","https://movie.douban.com/subject/1297359/","导演:宫崎骏   主演:松田洋治/石田百合子/田中裕子","主演:松田洋治/石田百合子/田中裕子","1997","日本","动画冒险奇幻","8.8","220359人评价"
"77","第六感","https://movie.douban.com/subject/1297630/","导演:M・奈特・沙马兰M.NightShyamalan   主演:布鲁斯・威利斯BruceWi...","主演:布鲁斯・威利斯BruceWi...","1999","美国","剧情悬疑恐怖","8.8","218854人评价"
"78","阳光灿烂的日子","https://movie.douban.com/subject/1291875/","导演:姜文WenJiang   主演:夏雨YuXia/宁静JingNing/陶虹HongTao","主演:夏雨YuXia/宁静JingNing/陶虹HongTao","1994","中国大陆香港","剧情","8.7","253509人评价"
"79","让子弹飞","https://movie.douban.com/subject/3742360/","导演:姜文WenJiang   主演:姜文WenJiang/葛优YouGe/周润发Yun-F...","主演:姜文WenJiang/葛优YouGe/周润发Yun-F...","2010","中国大陆香港","剧情喜剧动作西部","8.7","590153人评价"
"80","春光乍泄","https://movie.douban.com/subject/1292679/","导演:王家卫   主演:张国荣/梁朝伟/张震","主演:张国荣/梁朝伟/张震","1997","香港日本韩国","剧情爱情同性","8.8","225541人评价"
"81","大鱼","https://movie.douban.com/subject/1291545/","导演:蒂姆・波顿TimBurton   主演:伊万・麦克格雷格EwanMcGregor/阿...","主演:伊万・麦克格雷格wanMcGregor/阿...","2003","美国","剧情家庭奇幻冒险","8.7","235914人评价"
"82","大闹天宫","https://movie.douban.com/subject/1418019/","导演:万籁鸣LaimingWan/唐澄ChengTang   主演:邱岳峰YuefengQiu/...","主演:邱岳峰YuefengQiu/...","1961(上集)/1964(下集)/1978(全本)/2004(纪念版)","中国大陆","动画奇幻","9.2","89948人评价"
"83","射雕英雄传之东成西就","https://movie.douban.com/subject/1316510/","导演:刘镇伟JeffreyLau   主演:梁朝伟TonyLeungChiuWai/林青霞Bri...","主演:梁朝伟TonyLeungChiuWai/林青霞Bri...","1993","香港","喜剧古装","8.7","258235人评价"
"84","重庆森林","https://movie.douban.com/subject/1291999/","导演:王家卫KarWaiWong   主演:林青霞BrigitteLin/金城武TakeshiK...","主演:林青霞BrigitteLin/金城武TakeshiK...","1994","香港","剧情爱情","8.6","303359人评价"
"85","阳光姐妹淘","https://movie.douban.com/subject/4917726/","导演:姜炯哲Hyeong-CheolKang   主演:沈恩京Eun-kyungShim/闵孝琳Hy...","主演:沈恩京un-kyungShim/闵孝琳Hy...","2011","韩国","剧情喜剧","8.8","251187人评价"
"86","上帝之城","https://movie.douban.com/subject/1292208/","导演:KátiaLund/FernandoMeirelles   主演:AlexandreRodrigues/Lea...","主演:AlexandreRodrigues/Lea...","2002","巴西法国","犯罪剧情","8.9","149580人评价"
"87","甜蜜蜜","https://movie.douban.com/subject/1305164/","导演:陈可辛PeterChan   主演:黎明LeonLai/张曼玉MaggieCheung/...","主演:黎明LeonLai/张曼玉MaggieCheung/...","1996","香港","剧情爱情","8.7","218618人评价"
"88","禁闭岛","https://movie.douban.com/subject/2334904/","导演:MartinScorsese   主演:莱昂纳多・迪卡普里奥LeonardoDiCaprio/...","主演:莱昂纳多・迪卡普里奥LeonardoDiCaprio/...","2010","美国","剧情悬疑惊悚","8.6","333003人评价"
"89","致命ID","https://movie.douban.com/subject/1297192/","导演:JamesMangold   主演:JohnCusack/RayLiotta/AmandaPeet","主演:JohnCusack/RayLiotta/AmandaPeet","2003","美国","剧情悬疑惊悚","8.6","294765人评价"
"90","告白","https://movie.douban.com/subject/4268598/","导演:中岛哲也TetsuyaNakashima   主演:松隆子TakakoMatsu/冈田将生...","主演:松隆子TakakoMatsu/冈田将生...","2010","日本","剧情惊悚","8.6","318058人评价"
"91","一一","https://movie.douban.com/subject/1292434/","导演:杨德昌   主演:吴念真/李凯莉KellyLee/金燕玲ElaineJin","主演:吴念真/李凯莉KellyLee/金燕玲laineJin","2000","台湾日本","剧情爱情家庭","8.9","143348人评价"
"92","加勒比海盗","https://movie.douban.com/subject/1298070/","导演:戈尔・维宾斯基GoreVerbinski   主演:约翰尼・德普JohnnyDepp/...","主演:约翰尼・德普JohnnyDepp/...","2003","美国","动作冒险奇幻","8.6","311640人评价"
"93","爱在黎明破晓前","https://movie.douban.com/subject/1296339/","导演:理查德・林克莱特RichardLinklater   主演:伊桑・霍克EthanHawke...","主演:伊桑・霍克thanHawke...","1995","美国奥地利瑞士","剧情爱情","8.7","203347人评价"
"94","狩猎","https://movie.douban.com/subject/6985810/","导演:托马斯・温特伯格ThomasVinterberg   主演:麦斯・米科尔森MadsMik...","主演:麦斯・米科尔森MadsMik...","2012","丹麦瑞典","剧情","9.0","111845人评价"
"95","布达佩斯大饭店","https://movie.douban.com/subject/11525673/","导演:韦斯・安德森WesAnderson   主演:拉尔夫・费因斯RalphFiennes/...","主演:拉尔夫・费因斯RalphFiennes/...","2014","美国德国英国","剧情喜剧","8.7","282097人评价"
"96","阿凡达","https://movie.douban.com/subject/1652587/","导演:詹姆斯・卡梅隆JamesCameron   主演:萨姆・沃辛顿SamWorthington...","主演:萨姆・沃辛顿SamWorthington...","2009","美国英国","动作冒险奇幻科幻","8.6","499166人评价"
"97","断背山","https://movie.douban.com/subject/1418834/","导演:李安AngLee   主演:希斯・莱杰HeathLedger/杰克・吉伦哈尔Jake...","主演:希斯・莱杰HeathLedger/杰克・吉伦哈尔Jake...","2005","美国加拿大","剧情爱情同性家庭","8.6","298056人评价"
"98","风之谷","https://movie.douban.com/subject/1291585/","导演:宫崎骏HayaoMiyazaki   主演:岛本须美SumiShimamoto/京田尚子H...","主演:岛本须美SumiShimamoto/京田尚子H...","1984","日本","科幻动画奇幻冒险","8.8","164499人评价"
"99","萤火虫之墓","https://movie.douban.com/subject/1293318/","导演:高x勋IsaoTakahata   主演:辰己努/白石绫乃/志乃原良子","主演:辰己努/白石绫乃/志乃原良子","1988","日本","动画剧情战争","8.7","191035人评价"
"100","摩登时代","https://movie.douban.com/subject/1294371/","导演:查理・卓别林CharlesChaplin   主演:查理・卓别林CharlesChaplin...","主演:查理・卓别林CharlesChaplin...","1936","美国","喜剧剧情爱情","9.2","79763人评价"
"101","爱在日落黄昏时","https://movie.douban.com/subject/1291990/","导演:理查德・林克莱特RichardLinklater   主演:伊桑・霍克EthanHawke...","主演:伊桑・霍克thanHawke...","2004","美国","剧情爱情","8.7","185662人评价"
"102","猫鼠游戏","https://movie.douban.com/subject/1305487/","导演:史蒂文・斯皮尔伯格StevenSpielberg   主演:莱昂纳多・迪卡普里奥L...","主演:莱昂纳多・迪卡普里奥L...","2002","美国加拿大","传记犯罪剧情","8.7","201196人评价"
"103","侧耳倾听","https://movie.douban.com/subject/1297052/","导演:近藤喜文YoshifumiKondo   主演:本名阳子YoukoHonna/小林桂树K...","主演:本名阳子YoukoHonna/小林桂树K...","1995","日本","剧情爱情动画音乐","8.8","154873人评价"
"104","末代皇帝","https://movie.douban.com/subject/1293172/","导演:贝纳尔多・贝托鲁奇BernardoBertolucci   主演:尊龙JohnLone/陈...","主演:尊龙JohnLone/陈...","1987","意大利中国大陆英国法国","剧情传记历史","8.8","146902人评价"
"105","驯龙高手","https://movie.douban.com/subject/2353023/","导演:迪恩・德布洛斯DeanDeBlois/克里斯・桑德斯ChrisSanders   主演:...","主演:...","2010","美国","喜剧动画奇幻冒险家庭","8.7","266149人评价"
"106","哈利・波特与魔法石","https://movie.douban.com/subject/1295038/","导演:ChrisColumbus   主演:DanielRadcliffe/EmmaWatson/RupertGrint","主演:DanielRadcliffe/mmaWatson/RupertGrint","2001","美国英国","奇幻冒险","8.6","228294人评价"
"107","超脱","https://movie.douban.com/subject/5322596/","导演:托尼・凯耶TonyKaye   主演:艾德里安・布洛迪AdrienBrody/克里...","主演:艾德里安・布洛迪AdrienBrody/克里...","2011","美国","剧情","8.7","159002人评价"
"108","疯狂动物城","https://movie.douban.com/subject/25662329/","导演:拜伦・霍华德ByronHoward/瑞奇・摩尔RichMoore   主演:金妮弗・...","主演:金妮弗・...","2016","美国","喜剧动作动画冒险","9.2","453303人评价"
"109","海洋","https://movie.douban.com/subject/3443389/","导演:雅克・贝汉JacquesPerrin/雅克・克鲁奥德JacquesCluzaud   主演:...","主演:...","2009","法国瑞士西班牙美国阿联酋","纪录片","9.0","94740人评价"
"110","幸福终点站","https://movie.douban.com/subject/1292274/","导演:史蒂文・斯皮尔伯格StevenSpielberg   主演:汤姆・汉克斯TomHanks...","主演:汤姆・汉克斯TomHanks...","2004","美国","喜剧剧情爱情","8.6","212943人评价"
"111","穿条纹睡衣的男孩","https://movie.douban.com/subject/3008247/","导演:马克・赫门MarkHerman   主演:阿沙・巴特菲尔德AsaButterfield/...","主演:阿沙・巴特菲尔德AsaButterfield/...","2008","英国美国","剧情战争","8.8","126540人评价"
"112","燃情岁月","https://movie.douban.com/subject/1295865/","导演:爱德华・兹威克EdwardZwick   主演:安东尼・霍普金斯AnthonyHopki...","主演:安东尼・霍普金斯AnthonyHopki...","1994","美国","剧情爱情西部家庭","8.8","141935人评价"
"113","菊次郎的夏天","https://movie.douban.com/subject/1293359/","导演:北野武TakeshiKitano   主演:北野武TakeshiKitano/关口雄介Yus...","主演:北野武TakeshiKitano/关口雄介Yus...","1999","日本","剧情喜剧","8.7","164639人评价"
"114","倩女幽魂","https://movie.douban.com/subject/1297447/","导演:程小东Siu-TungChing   主演:张国荣LeslieCheung/王祖贤JoeyW...","主演:张国荣LeslieCheung/王祖贤JoeyW...","1987","香港","剧情爱情武侠古装","8.6","227613人评价"
"115","消失的爱人","https://movie.douban.com/subject/21318488/","导演:大卫・芬奇DavidFincher   主演:本・阿弗莱克BenAffleck/罗莎蒙...","主演:本・阿弗莱克BenAffleck/罗莎蒙...","2014","美国","剧情犯罪悬疑惊悚","8.7","321707人评价"
"116","神偷奶爸","https://movie.douban.com/subject/3287562/","导演:皮艾尔・柯芬PierreCoffin/克里斯・雷纳德ChrisRenaud   主演:...","主演:...","2010","美国","儿童喜剧动画","8.5","344046人评价"
"117","电锯惊魂","https://movie.douban.com/subject/1417598/","导演:詹姆斯・温JamesWan   主演:雷・沃纳尔LeighWhannell/加利・艾...","主演:雷・沃纳尔LeighWhannell/加利・艾...","2004","美国澳大利亚","犯罪悬疑惊悚","8.6","185398人评价"
"118","谍影重重3","https://movie.douban.com/subject/1578507/","导演:保罗・格林格拉斯PaulGreengrass   主演:马特・达蒙MattDamon/...","主演:马特・达蒙MattDamon/...","2007","美国德国","动作悬疑冒险","8.7","168725人评价"
"119","真爱至上","https://movie.douban.com/subject/1292401/","导演:理查德・柯蒂斯RichardCurtis   主演:休・格兰特HughGrant/柯林...","主演:休・格兰特HughGrant/柯林...","2003","英国美国法国","喜剧剧情爱情","8.5","291472人评价"
"120","岁月神偷","https://movie.douban.com/subject/3792799/","导演:罗启锐AlexLaw   主演:吴君如SandraNg/任达华SimonYam/钟绍...","主演:吴君如SandraNg/任达华SimonYam/钟绍...","2010","香港中国大陆","剧情家庭","8.6","288402人评价"
"121","借东西的小人阿莉埃蒂","https://movie.douban.com/subject/4202302/","导演:米林宏昌HiromasaYonebayashi   主演:志田未来MiraiShida/神木...","主演:志田未来MiraiShida/神木...","2010","日本","动画奇幻冒险","8.7","201022人评价"
"122","雨人","https://movie.douban.com/subject/1291870/","导演:巴瑞・莱文森BarryLevinson   主演:达斯汀・霍夫曼DustinHoffman...","主演:达斯汀・霍夫曼DustinHoffman...","1988","美国","剧情","8.6","197568人评价"
"123","虎口脱险","https://movie.douban.com/subject/1296909/","导演:杰拉尔・乌里GérardOury   主演:路易・德・菲耐斯LouisdeFunès...","主演:路易・德・菲耐斯LouisdeFunès...","1966","法国英国","喜剧战争","8.9","100713人评价"
"124","七武士","https://movie.douban.com/subject/1295399/","导演:黑泽明AkiraKurosawa   主演:三船敏郎Toshir<U+00F4>Mifune/志村乔...","主演:三船敏郎Toshir<U+00F4>Mifune/志村乔...","1954","日本","动作冒险剧情","9.1","69745人评价"
"125","恐怖直播","https://movie.douban.com/subject/21360417/","导演:金秉vByeong-wooKim   主演:河正宇Jung-wooHa/李Z荣Kyeong-y...","主演:河正宇Jung-wooHa/李Z荣Kyeong-y...","2013","韩国","剧情犯罪悬疑","8.7","193709人评价"
"126","贫民窟的百万富翁","https://movie.douban.com/subject/2209573/","导演:丹尼・鲍尔DannyBoyle/洛芙琳・坦丹LoveleenTandan   主演:戴夫...","主演:戴夫...","2008","英国美国","剧情爱情","8.5","375336人评价"
"127","东邪西毒","https://movie.douban.com/subject/1292328/","导演:王家卫KarWaiWong   主演:张国荣LeslieCheung/张曼玉MaggieC...","主演:张国荣LeslieCheung/张曼玉MaggieC...","1994","香港台湾","剧情动作爱情武侠古装","8.6","233079人评价"
"128","记忆碎片","https://movie.douban.com/subject/1304447/","导演:克里斯托弗・诺兰ChristopherNolan   主演:盖・皮尔斯GuyPearce/...","主演:盖・皮尔斯GuyPearce/...","2000","美国","犯罪剧情悬疑惊悚","8.5","257701人评价"
"129","疯狂原始人","https://movie.douban.com/subject/1907966/","导演:科克・德・米科KirkDeMicco/克里斯・桑德斯ChrisSanders   主演...","主演...","2013","美国","喜剧动画冒险","8.7","347983人评价"
"130","杀人回忆","https://movie.douban.com/subject/1300299/","导演:奉俊昊Joon-hoBong   主演:宋康昊Kang-hoSong/金相庆Sang-kyun...","主演:宋康昊Kang-hoSong/金相庆Sang-kyun...","2003","韩国","犯罪剧情悬疑惊悚","8.6","189918人评价"
"131","怪兽电力公司","https://movie.douban.com/subject/1291579/","导演:彼特・道格特PeteDocter/大卫・斯沃曼DavidSilverman   主演:约...","主演:约...","2001","美国","喜剧动画儿童奇幻","8.6","220107人评价"
"132","红辣椒","https://movie.douban.com/subject/1865703/","导演:今敏SatoshiKon   主演:林原惠美MegumiHayashibara/古谷彻T...","主演:林原惠美MegumiHayashibara/古谷彻T...","2006","日本","动画悬疑科幻惊悚","8.8","114929人评价"
"133","卢旺达饭店","https://movie.douban.com/subject/1291822/","导演:特瑞・乔治TerryGeorge   主演:唐・钱德尔DonCheadle/苏菲・奥...","主演:唐・钱德尔DonCheadle/苏菲・奥...","2004","英国南非意大利美国","剧情历史战争","8.8","109198人评价"
"134","穿越时空的少女","https://movie.douban.com/subject/1937946/","导演:细田守MamoruHosoda   主演:仲里依纱RiisaNaka/石田卓也Takuya...","主演:仲里依纱RiisaNaka/石田卓也Takuya...","2006","日本","剧情爱情科幻动画","8.6","172604人评价"
"135","黑天鹅","https://movie.douban.com/subject/1978709/","导演:达伦・阿罗诺夫斯基DarrenAronofsky   主演:娜塔丽・波曼NatalieP...","主演:娜塔丽・波曼NatalieP...","2010","美国","剧情惊悚","8.5","389499人评价"
"136","魂断蓝桥","https://movie.douban.com/subject/1293964/","导演:MervynLeRoy   主演:VivienLeigh/RobertTaylor/LucileWatson","主演:VivienLeigh/RobertTaylor/LucileWatson","1940","美国","剧情战争爱情","8.8","121835人评价"
"137","恋恋笔记本","https://movie.douban.com/subject/1309163/","导演:尼克・卡索维茨NickCassavetes   主演:瑞恩・高斯林RyanGosling/...","主演:瑞恩・高斯林RyanGosling/...","2004","美国","剧情爱情","8.5","258653人评价"
"138","猜火车","https://movie.douban.com/subject/1292528/","导演:丹尼・鲍尔DannyBoyle   主演:伊万・麦克格雷格EwanMcGregor/艾...","主演:伊万・麦克格雷格wanMcGregor/艾...","1996","英国","犯罪剧情","8.5","228558人评价"
"139","喜宴","https://movie.douban.com/subject/1303037/","导演:李安   主演:赵文u/归亚蕾/金素梅","主演:赵文u/归亚蕾/金素梅","1993","台湾美国","剧情喜剧爱情同性家庭","8.8","124373人评价"
"140","英雄本色","https://movie.douban.com/subject/1297574/","导演:吴宇森JohnWoo   主演:周润发Yun-FatChow/狄龙LungTi/张国...","主演:周润发Yun-FatChow/狄龙LungTi/张国...","1986","香港","动作犯罪","8.7","135643人评价"
"141","傲慢与偏见","https://movie.douban.com/subject/1418200/","导演:乔・怀特JoeWright   主演:凯拉・奈特莉KeiraKnightley/马修・...","主演:凯拉・奈特莉KeiraKnightley/马修・...","2005","法国英国美国","剧情爱情","8.4","277405人评价"
"142","雨中曲","https://movie.douban.com/subject/1293460/","导演:StanleyDonen/GeneKelly   主演:GeneKelly/DonaldO'Connor/...","主演:GeneKelly/DonaldO'Connor/...","1952","美国","喜剧歌舞爱情","8.9","86661人评价"
"143","教父3","https://movie.douban.com/subject/1294240/","导演:弗朗西斯・福特・科波拉FrancisFordCoppola   主演:阿尔・帕西诺A...","主演:阿尔・帕西诺A...","1990","美国","剧情犯罪","8.7","119138人评价"
"144","小森林 夏秋篇","https://movie.douban.com/subject/25814705/","导演:森淳一JunichiMori   主演:桥本爱AiHashimoto/三浦贵大Takahir...","主演:桥本爱AiHashimoto/三浦贵大Takahir...","2014","日本","剧情","8.9","110028人评价"
"145","完美的世界","https://movie.douban.com/subject/1300992/","导演:克林特・伊斯特伍德ClintEastwood   主演:凯文・科斯特纳KevinCos...","主演:凯文・科斯特纳KevinCos...","1993","美国","剧情犯罪","9.0","72322人评价"
"146","喜剧之王","https://movie.douban.com/subject/1302425/","导演:周星驰StephenChow/李力持Lik-ChiLee   主演:周星驰StephenCh...","主演:周星驰StephenCh...","1999","香港","喜剧剧情爱情","8.4","278438人评价"
"147","纵横四海","https://movie.douban.com/subject/1295409/","导演:吴宇森JohnWoo   主演:周润发Yun-FatChow/张国荣LeslieCheung...","主演:周润发Yun-FatChow/张国荣LeslieCheung...","1991","香港","剧情喜剧动作犯罪","8.7","129956人评价"
"148","玩具总动员3","https://movie.douban.com/subject/1858711/","导演:李・昂克里奇LeeUnkrich   主演:汤姆・汉克斯TomHanks/蒂姆・艾...","主演:汤姆・汉克斯TomHanks/蒂姆・艾...","2010","美国","喜剧动画奇幻冒险","8.7","181109人评价"
"149","萤火之森","https://movie.douban.com/subject/5989818/","导演:大森贵弘TakahiroOmori   主演:佐仓绫音AyaneSakura/内山昂辉K...","主演:佐仓绫音AyaneSakura/内山昂辉K...","2011","日本","剧情爱情动画奇幻","8.7","140567人评价"
"150","人工智能","https://movie.douban.com/subject/1302827/","导演:史蒂文・斯皮尔伯格StevenSpielberg   主演:海利・乔・奥斯蒙Haley...","主演:海利・乔・奥斯蒙Haley...","2001","美国","冒险剧情科幻","8.6","176711人评价"
"151","我是山姆","https://movie.douban.com/subject/1306861/","导演:杰茜・尼尔森JessieNelson   主演:SeanPenn/DakotaFanning/Mi...","主演:SeanPenn/DakotaFanning/Mi...","2001","美国","剧情家庭","8.8","93002人评价"
"152","香水","https://movie.douban.com/subject/1760622/","导演:汤姆・提克威TomTykwer   主演:本・卫肖BenWhishaw/艾伦・瑞克...","主演:本・卫肖BenWhishaw/艾伦・瑞克...","2006","德国法国西班牙美国","剧情犯罪奇幻","8.4","255684人评价"
"153","浪潮","https://movie.douban.com/subject/2297265/","导演:丹尼斯・甘塞尔DennisGansel   主演:尤尔根・沃格尔JürgenVogel...","主演:尤尔根・沃格尔JürgenVogel...","2008","德国","剧情惊悚","8.7","119472人评价"
"154","冰川时代","https://movie.douban.com/subject/1291578/","导演:卡洛斯・沙尔丹哈CarlosSaldanha/克里斯・韦奇ChrisWedge   主演...","主演...","2002","美国","喜剧动画冒险","8.4","251165人评价"
"155","7号房的礼物","https://movie.douban.com/subject/10777687/","导演:李焕庆Hwan-kyeongLee   主演:柳承龙Seung-yongRyoo/朴信惠Shi...","主演:柳承龙Seung-yongRyoo/朴信惠Shi...","2013","韩国","剧情喜剧家庭","8.7","154421人评价"
"156","撞车","https://movie.douban.com/subject/1388216/","导演:保罗・哈吉斯PaulHaggis   主演:桑德拉・布洛克SandraBullock/...","主演:桑德拉・布洛克SandraBullock/...","2004","美国德国","犯罪剧情","8.6","163074人评价"
"157","哈利・波特与死亡圣器(下)","https://movie.douban.com/subject/3011235/","导演:大卫・叶茨DavidYates   主演:丹尼尔・雷德克里夫DanielRadcliffe...","主演:丹尼尔・雷德克里夫DanielRadcliffe...","2011","美国英国","剧情悬疑奇幻冒险","8.6","252377人评价"
"158","花样年华","https://movie.douban.com/subject/1291557/","导演:王家卫KarWaiWong   主演:梁朝伟TonyLeungChiuWai/张曼玉Ma...","主演:梁朝伟TonyLeungChiuWai/张曼玉Ma...","2000","香港法国","剧情爱情","8.4","223431人评价"
"159","朗读者","https://movie.douban.com/subject/2213597/","导演:史蒂芬・戴德利StephenDaldry   主演:凯特・温丝莱特KateWinslet...","主演:凯特・温丝莱特KateWinslet...","2008","美国德国","剧情爱情","8.5","262102人评价"
"160","追随","https://movie.douban.com/subject/1397546/","导演:克里斯托弗・诺兰ChristopherNolan   主演:杰里米・西奥伯德Jeremy...","主演:杰里米・西奥伯德Jeremy...","1998","英国","犯罪悬疑惊悚","9.0","72399人评价"
"161","一次别离","https://movie.douban.com/subject/5964718/","导演:阿斯哈・法哈蒂AsgharFarhadi   主演:佩曼・莫阿迪PeymanMoadi/...","主演:佩曼・莫阿迪PeymanMoadi/...","2011","伊朗法国","剧情家庭","8.7","121720人评价"
"162","碧海蓝天","https://movie.douban.com/subject/1300960/","导演:LucBesson   主演:Jean-MarcBarr/JeanReno/RosannaArquette","主演:Jean-MarcBarr/JeanReno/RosannaArquette","1988","法国美国意大利","剧情爱情","8.7","102933人评价"
"163","秒速5厘米","https://movie.douban.com/subject/2043546/","导演:新海诚MakotoShinkai   主演:水桥研二KenjiMizuhashi/近藤好美...","主演:水桥研二KenjiMizuhashi/近藤好美...","2007","日本","动画剧情爱情","8.4","268376人评价"
"164","罗生门","https://movie.douban.com/subject/1291879/","导演:黑泽明AkiraKurosawa   主演:三船敏郎Toshir<U+00F4>Mifune/千秋实...","主演:三船敏郎Toshir<U+00F4>Mifune/千秋实...","1950","日本","犯罪剧情悬疑","8.7","111794人评价"
"165","梦之安魂曲","https://movie.douban.com/subject/1292270/","导演:达伦・阿伦诺夫斯基DarrenAronofsky   主演:艾伦・伯斯汀EllenBur...","主演:艾伦・伯斯汀llenBur...","2000","美国","剧情","8.7","102008人评价"
"166","战争之王","https://movie.douban.com/subject/1419936/","导演:安德鲁・尼科尔AndrewNiccol   主演:尼古拉斯・凯奇NicolasCage/...","主演:尼古拉斯・凯奇NicolasCage/...","2005","美国法国","剧情犯罪","8.5","161881人评价"
"167","可可西里","https://movie.douban.com/subject/1308857/","导演:陆川ChuanLu   主演:多布杰Duobujie/张磊LeiZhang/亓亮QiL...","主演:多布杰Duobujie/张磊LeiZhang/亓亮QiL...","2004","中国大陆香港","剧情犯罪","8.6","118905人评价"
"168","心迷宫","https://movie.douban.com/subject/25917973/","导演:忻钰坤YukunXin   主演:霍卫民WeiminHuo/王笑天XiaotianWang...","主演:霍卫民WeiminHuo/王笑天XiaotianWang...","2014","中国大陆","剧情犯罪悬疑","8.6","137474人评价"
"169","唐伯虎点秋香","https://movie.douban.com/subject/1306249/","导演:李力持Lik-ChiLee   主演:周星驰StephenChow/巩俐LiGong/陈...","主演:周星驰StephenChow/巩俐LiGong/陈...","1993","香港","喜剧爱情古装","8.3","287547人评价"
"170","超能陆战队","https://movie.douban.com/subject/11026735/","导演:唐・霍尔DonHall/克里斯・威廉姆斯ChrisWilliams   主演:斯科特...","主演:斯科特...","2014","美国","喜剧动作科幻动画冒险","8.6","334645人评价"
"171","时空恋旅人","https://movie.douban.com/subject/10577869/","导演:理查德・柯蒂斯RichardCurtis   主演:多姆纳尔・格利森DomhnallGl...","主演:多姆纳尔・格利森DomhnallGl...","2013","英国","剧情爱情奇幻","8.6","174979人评价"
"172","海盗电台","https://movie.douban.com/subject/3007773/","导演:理查德・柯蒂斯RichardCurtis   主演:比尔・奈伊BillNighy/肯尼...","主演:比尔・奈伊BillNighy/肯尼...","2009","英国德国法国","剧情喜剧音乐","8.6","157097人评价"
"173","谍影重重2","https://movie.douban.com/subject/1308767/","导演:保罗・格林格拉斯PaulGreengrass   主演:马特・达蒙MattDamon/...","主演:马特・达蒙MattDamon/...","2004","美国德国","动作悬疑冒险","8.5","146636人评价"
"174","谍影重重","https://movie.douban.com/subject/1304102/","导演:道格・里曼DougLiman   主演:马特・达蒙MattDamon/弗兰卡・波坦...","主演:马特・达蒙MattDamon/弗兰卡・波坦...","2002","美国德国捷克","动作悬疑冒险","8.5","177196人评价"
"175","蝙蝠侠：黑暗骑士崛起","https://movie.douban.com/subject/3395373/","导演:克里斯托弗・诺兰ChristopherNolan   主演:克里斯蒂安・贝尔Christ...","主演:克里斯蒂安・贝尔Christ...","2012","美国英国","剧情动作科幻犯罪惊悚","8.5","270740人评价"
"176","阿飞正传","https://movie.douban.com/subject/1305690/","导演:王家卫KarWaiWong   主演:张国荣LeslieCheung/张曼玉MaggieC...","主演:张国荣LeslieCheung/张曼玉MaggieC...","1990","香港","犯罪剧情爱情","8.5","162330人评价"
"177","荒蛮故事","https://movie.douban.com/subject/24750126/","导演:达米安・斯兹弗隆DamiánSzifron   主演:达里奥・葛兰帝内提Darío...","主演:达里奥・葛兰帝内提Darío...","2014","阿根廷西班牙","剧情喜剧犯罪","8.7","113041人评价"
"178","地球上的星星","https://movie.douban.com/subject/2363506/","导演:阿米尔・汗AamirKhan/阿莫尔・古普特AmoleGupte   主演:达席尔...","主演:达席尔...","2007","印度","剧情儿童家庭","8.8","72774人评价"
"179","小森林 冬春篇","https://movie.douban.com/subject/25814707/","导演:森淳一JunichiMori   主演:桥本爱AiHashimoto/三浦贵大Takahir...","主演:桥本爱AiHashimoto/三浦贵大Takahir...","2015","日本","剧情","8.9","94997人评价"
"180","迁徙的鸟","https://movie.douban.com/subject/1292281/","导演:雅克・贝汉JacquesPerrin/雅克・克鲁奥德JacquesCluzaud   主演:...","主演:...","2001","法国德国意大利西班牙瑞士","纪录片","9.1","49108人评价"
"181","荒野生存","https://movie.douban.com/subject/1905462/","导演:西恩・潘SeanPenn   主演:埃米尔・赫斯基EmileHirsch/马西娅・...","主演:埃米尔・赫斯基mileHirsch/马西娅・...","2007","美国","冒险传记剧情","8.6","118022人评价"
"182","恐怖游轮","https://movie.douban.com/subject/3011051/","导演:克里斯托弗・史密斯ChristopherSmith   主演:梅利莎・乔治Melissa...","主演:梅利莎・乔治Melissa...","2009","英国澳大利亚","剧情悬疑惊悚","8.3","283677人评价"
"183","绿里奇迹","https://movie.douban.com/subject/1300374/","导演:FrankDarabont   主演:汤姆・汉克斯TomHanks/大卫・摩斯DavidM...","主演:汤姆・汉克斯TomHanks/大卫・摩斯DavidM...","1999","美国","犯罪剧情奇幻悬疑","8.7","97501人评价"
"184","勇闯夺命岛","https://movie.douban.com/subject/1292728/","导演:迈克尔・贝MichaelBay   主演:肖恩・康纳利SeanConnery/尼古拉...","主演:肖恩・康纳利SeanConnery/尼古拉...","1996","美国","动作冒险","8.5","131622人评价"
"185","惊魂记","https://movie.douban.com/subject/1293181/","导演:AlfredHitchcock   主演:JanetLeigh/AnthonyPerkins/VeraMiles","主演:JanetLeigh/AnthonyPerkins/VeraMiles","1960","美国","悬疑恐怖","8.8","74028人评价"
"186","达拉斯买家俱乐部","https://movie.douban.com/subject/1793929/","导演:让-马克・瓦雷Jean-MarcVallée   主演:马修・麦康纳MatthewMcCon...","主演:马修・麦康纳MatthewMcCon...","2013","美国","剧情传记同性","8.6","152252人评价"
"187","魔女宅急便","https://movie.douban.com/subject/1307811/","导演:宫崎骏HayaoMiyazaki   主演:高山南/佐久间玲/山口胜平","主演:高山南/佐久间玲/山口胜平","1989","日本","动画奇幻冒险","8.4","175698人评价"
"188","再次出发之纽约遇见你","https://movie.douban.com/subject/6874403/","导演:约翰・卡尼JohnCarney   主演:凯拉・奈特莉KeiraKnightley/马克...","主演:凯拉・奈特莉KeiraKnightley/马克...","2013","美国","喜剧爱情音乐","8.5","148204人评价"
"189","卡萨布兰卡","https://movie.douban.com/subject/1296753/","导演:MichaelCurtiz   主演:亨弗莱・鲍嘉HumphreyBogart/英格丽・褒曼...","主演:亨弗莱・鲍嘉HumphreyBogart/英格丽・褒曼...","1942","美国","剧情爱情战争","8.6","114728人评价"
"190","爆裂鼓手","https://movie.douban.com/subject/25773932/","导演:达米安・沙泽勒DamienChazelle   主演:迈尔斯・特勒MilesTeller/...","主演:迈尔斯・特勒MilesTeller/...","2014","美国","剧情音乐","8.6","211234人评价"
"191","燕尾蝶","https://movie.douban.com/subject/1307793/","导演:岩井俊二ShunjiIwai   主演:三上博史/恰拉/伊藤步","主演:三上博史/恰拉/伊藤步","1996","日本","犯罪剧情","8.6","102096人评价"
"192","未麻的部屋","https://movie.douban.com/subject/1395091/","导演:今敏SatoshiKon   主演:岩男润子JunkoIwao/松本梨香RicaMatsu...","主演:岩男润子JunkoIwao/松本梨香RicaMatsu...","1997","日本","动画奇幻惊悚","8.8","80867人评价"
"193","东京物语","https://movie.douban.com/subject/1291568/","导演:小津安二郎Yasujir<U+00F4>Ozu   主演:笠智众Chish<U+00FB>Ry<U+00FB>/原节...","主演:笠智众Chish<U+00FB>Ry<U+00FB>/原节...","1953","日本","剧情家庭","9.2","45098人评价"
"194","牯岭街少年杀人事件","https://movie.douban.com/subject/1292329/","导演:杨德昌EdwardYang   主演:张震ChenChang/杨静怡LisaYang/张...","主演:张震ChenChang/杨静怡LisaYang/张...","1991","台湾","剧情犯罪","8.7","93531人评价"
"195","这个男人来自地球","https://movie.douban.com/subject/2300586/","导演:理查德・沙因克曼RichardSchenkman   主演:大卫・李・史密斯David...","主演:大卫・李・史密斯David...","2007","美国","剧情科幻","8.5","160135人评价"
"196","英国病人","https://movie.douban.com/subject/1291853/","导演:安东尼・明格拉AnthonyMinghella   主演:拉尔夫・费因斯RalphFien...","主演:拉尔夫・费因斯RalphFien...","1996","美国英国","爱情剧情战争","8.4","163691人评价"
"197","变脸","https://movie.douban.com/subject/1292659/","导演:吴宇森JohnWoo   主演:约翰・特拉沃尔塔JohnTravolta/尼古拉斯...","主演:约翰・特拉沃尔塔JohnTravolta/尼古拉斯...","1997","美国","动作科幻犯罪","8.4","198472人评价"
"198","被解救的姜戈","https://movie.douban.com/subject/6307447/","导演:昆汀・塔伦蒂诺QuentinTarantino   主演:杰米・福克斯JamieFoxx/...","主演:杰米・福克斯JamieFoxx/...","2012","美国","剧情动作西部冒险","8.5","239669人评价"
"199","终结者2：审判日","https://movie.douban.com/subject/1291844/","导演:詹姆斯・卡梅隆JamesCameron   主演:阿诺・施瓦辛格ArnoldSchwarz...","主演:阿诺・施瓦辛格ArnoldSchwarz...","1991","美国法国","动作科幻","8.5","129552人评价"
"200","末路狂花","https://movie.douban.com/subject/1291992/","导演:雷德利・斯科特RidleyScott   主演:吉娜・戴维斯GeenaDavis/苏...","主演:吉娜・戴维斯GeenaDavis/苏...","1991","美国法国","犯罪剧情惊悚","8.7","94159人评价"
"201","E.T. 外星人","https://movie.douban.com/subject/1294638/","导演:StevenSpielberg   主演:HenryThomas/DeeWallace/RobertMacNa...","主演:HenryThomas/DeeWallace/RobertMacNa...","1982","美国","剧情科幻奇幻冒险","8.5","140090人评价"
"202","叫我第一名","https://movie.douban.com/subject/4798888/","导演:彼得・维纳PeterWerner   主演:詹姆斯・沃克JamesWolk/特里特・...","主演:詹姆斯・沃克JamesWolk/特里特・...","2008","美国","剧情传记","8.6","100343人评价"
"203","忠犬八公物语","https://movie.douban.com/subject/1959195/","导演:Seijir<U+00F4>K<U+00F4>yama   主演:山本圭KeiYamamoto/井川比佐志Hisa...","主演:山本圭KeiYamamoto/井川比佐志Hisa...","1987","日本","剧情","9.0","49476人评价"
"204","哪吒闹海","https://movie.douban.com/subject/1307315/","导演:严定宪DingxianYan/王树忱ShuchenWang   主演:梁正晖/邱岳峰...","主演:梁正晖/邱岳峰...","1979","中国大陆","冒险动画奇幻","8.8","71604人评价"
"205","发条橙","https://movie.douban.com/subject/1292233/","导演:StanleyKubrick   主演:MalcolmMcDowell/PatrickMagee/Michael...","主演:MalcolmMcDowell/PatrickMagee/Michael...","1971","英国美国","犯罪剧情科幻","8.4","171697人评价"
"206","青蛇","https://movie.douban.com/subject/1303394/","导演:徐克HarkTsui   主演:张曼玉MaggieCheung/王祖贤JoeyWang/...","主演:张曼玉MaggieCheung/王祖贤JoeyWang/...","1993","香港","剧情奇幻古装","8.4","198214人评价"
"207","穆赫兰道","https://movie.douban.com/subject/1292217/","导演:大卫・林奇DavidLynch   主演:娜奥米・沃茨NaomiWatts/劳拉・哈...","主演:娜奥米・沃茨NaomiWatts/劳拉・哈...","2001","法国美国","剧情悬疑惊悚","8.3","214156人评价"
"208","源代码","https://movie.douban.com/subject/3075287/","导演:邓肯・琼斯DuncanJones   主演:杰克・吉伦哈尔JakeGyllenhaal/...","主演:杰克・吉伦哈尔JakeGyllenhaal/...","2011","美国加拿大","剧情动作科幻犯罪惊悚","8.3","377416人评价"
"209","新龙门客栈","https://movie.douban.com/subject/1292287/","导演:李惠民RaymondLee   主演:张曼玉MaggieCheung/林青霞Brigitte...","主演:张曼玉MaggieCheung/林青霞Brigitte...","1992","香港中国大陆","剧情动作武侠古装","8.4","166386人评价"
"210","黑客帝国3：矩阵革命","https://movie.douban.com/subject/1302467/","导演:AndyWachowski/LarryWachowski   主演:KeanuReeves/LaurenceF...","主演:KeanuReeves/LaurenceF...","2003","美国澳大利亚","动作科幻","8.5","140513人评价"
"211","黄金三镖客","https://movie.douban.com/subject/1401118/","导演:SergioLeone   主演:ClintEastwood/EliWallach/LeeVanCleef","主演:Clintastwood/liWallach/LeeVanCleef","1966","意大利西班牙西德","冒险西部","9.1","45950人评价"
"212","非常嫌疑犯","https://movie.douban.com/subject/1292214/","导演:布莱恩・辛格BryanSinger   主演:史蒂芬・鲍德温StephenBaldwin/...","主演:史蒂芬・鲍德温StephenBaldwin/...","1995","德国美国","剧情犯罪悬疑惊悚","8.6","105645人评价"
"213","美国丽人","https://movie.douban.com/subject/1292062/","导演:萨姆・门德斯SamMendes   主演:凯文・史佩西KevinSpacey/安妮特...","主演:凯文・史佩西KevinSpacey/安妮特...","1999","美国","剧情家庭","8.4","169571人评价"
"214","上帝也疯狂","https://movie.douban.com/subject/1297478/","导演:JamieUys   主演:MariusWeyers/SandraPrinsloo/N!xau","主演:MariusWeyers/SandraPrinsloo/N!xau","1980","博茨瓦纳南非","喜剧","8.6","88603人评价"
"215","城市之光","https://movie.douban.com/subject/1293908/","导演:CharlesChaplin   主演:查理・卓别林CharlesChaplin/弗吉尼亚・...","主演:查理・卓别林CharlesChaplin/弗吉尼亚・...","1931","美国","喜剧剧情爱情","9.2","38138人评价"
"216","无耻混蛋","https://movie.douban.com/subject/1438652/","导演:QuentinTarantino   主演:布拉德・皮特BradPitt/梅拉尼・罗兰M...","主演:布拉德・皮特BradPitt/梅拉尼・罗兰M...","2009","美国德国","剧情犯罪","8.4","205227人评价"
"217","初恋这件小事","https://movie.douban.com/subject/4739952/","导演:PuttipongPromsakaNaSakolnakorn/Wasinpokpong   主演:马里奥・...","主演:马里奥・...","2010","泰国","喜剧爱情","8.2","419974人评价"
"218","勇士","https://movie.douban.com/subject/3217169/","导演:加文・欧康诺GavinO'Connor   主演:汤姆・哈迪TomHardy/乔尔・...","主演:汤姆・哈迪TomHardy/乔尔・...","2011","美国","剧情运动家庭","8.9","80299人评价"
"219","爱・回家","https://movie.douban.com/subject/1299361/","导演:李廷香Jeong-hyangLee   主演:金艺芬Eul-boonKim/俞承豪Seung-...","主演:金艺芬ul-boonKim/俞承豪Seung-...","2002","韩国","剧情儿童家庭","9.0","43476人评价"
"220","蓝色大门","https://movie.douban.com/subject/1308575/","导演:易智言Chih-yenYee   主演:桂纶镁LunmeiKwai/陈柏霖Bo-linChe...","主演:桂纶镁LunmeiKwai/陈柏霖Bo-linChe...","2002","台湾法国","剧情爱情同性","8.2","255739人评价"
"221","曾经","https://movie.douban.com/subject/2053515/","导演:约翰・卡尼JohnCarney   主演:格伦・汉塞德GlenHansard/玛可塔...","主演:格伦・汉塞德GlenHansard/玛可塔...","2006","爱尔兰","剧情音乐爱情","8.3","190285人评价"
"222","无敌破坏王","https://movie.douban.com/subject/6534248/","导演:瑞奇・莫尔RichMoore   主演:简・林奇JaneLynch/约翰・C・赖利...","主演:简・林奇JaneLynch/约翰・C・赖利...","2012","美国","喜剧动画冒险","8.6","170679人评价"
"223","麦兜故事","https://movie.douban.com/subject/1302476/","导演:袁建滔ToeYuen   主演:李晋纬/林海峰JanLamb/吴君如SandraNg","主演:李晋纬/林海峰JanLamb/吴君如SandraNg","2001","香港","剧情喜剧动画","8.5","118208人评价"
"224","暖暖内含光","https://movie.douban.com/subject/1308777/","导演:米歇尔・冈瑞MichelGondry   主演:金・凯瑞JimCarrey/凯特・温...","主演:金・凯瑞JimCarrey/凯特・温...","2004","美国","剧情爱情奇幻","8.4","133207人评价"
"225","蝴蝶","https://movie.douban.com/subject/1292056/","导演:菲利普・穆伊尔PhilippeMuyl   主演:米歇尔・塞罗MichelSerrault...","主演:米歇尔・塞罗MichelSerrault...","2002","法国","剧情儿童喜剧","8.6","89989人评价"
"226","大卫・戈尔的一生","https://movie.douban.com/subject/1305725/","导演:AlanParker   主演:凯文・史派西KevinSpacey/凯特・温丝莱特Kat...","主演:凯文・史派西KevinSpacey/凯特・温丝莱特Kat...","2003","美国德国英国","剧情犯罪悬疑","8.7","78292人评价"
"227","与狼共舞","https://movie.douban.com/subject/1293764/","导演:KevinCostner   主演:KevinCostner/MaryMcDonnell/GrahamGreene","主演:KevinCostner/MaryMcDonnell/GrahamGreene","1990","美国","冒险剧情西部","8.9","52505人评价"
"228","血钻","https://movie.douban.com/subject/1428175/","导演:EdwardZwick   主演:LeonardoDiCaprio/JenniferConnelly/Djimo...","主演:LeonardoDiCaprio/JenniferConnelly/Djimo...","2006","美国德国","剧情惊悚冒险","8.5","116783人评价"
"229","模仿游戏","https://movie.douban.com/subject/10463953/","导演:莫腾・泰杜姆MortenTyldum   主演:本尼迪克特・康伯巴奇BenedictC...","主演:本尼迪克特・康伯巴奇BenedictC...","2014","英国美国","剧情传记战争同性","8.5","227634人评价"
"230","国王的演讲","https://movie.douban.com/subject/4023638/","导演:汤姆・霍珀TomHooper   主演:柯林・菲尔斯ColinFirth/杰弗里・...","主演:柯林・菲尔斯ColinFirth/杰弗里・...","2010","英国澳大利亚美国","剧情传记历史","8.3","310885人评价"
"231","遗愿清单","https://movie.douban.com/subject/1867345/","导演:罗伯・莱纳RobReiner   主演:杰克・尼科尔森JackNicholson/摩根...","主演:杰克・尼科尔森JackNicholson/摩根...","2007","美国","冒险喜剧剧情","8.5","113649人评价"
"232","巴黎淘气帮","https://movie.douban.com/subject/3157605/","导演:LaurentTirard   主演:马克西姆・戈达尔MaximeGodart/瓦莱丽・勒...","主演:马克西姆・戈达尔MaximeGodart/瓦莱丽・勒...","2009","法国比利时","儿童喜剧家庭","8.6","98515人评价"
"233","偷拐抢骗","https://movie.douban.com/subject/1301171/","导演:盖・里奇GuyRitchie   主演:布拉德・皮特BradPitt/本尼西奥・德...","主演:布拉德・皮特BradPitt/本尼西奥・德...","2000","英国美国","喜剧犯罪","8.5","106753人评价"
"234","荒岛余生","https://movie.douban.com/subject/1298653/","导演:罗伯特・泽米吉斯RobertZemeckis   主演:汤姆・汉克斯TomHanks/...","主演:汤姆・汉克斯TomHanks/...","2000","美国","冒险剧情","8.4","120198人评价"
"235","夜访吸血鬼","https://movie.douban.com/subject/1299327/","导演:尼尔・乔丹NeilJordan   主演:布拉德・皮特BradPitt/汤姆・克鲁...","主演:布拉德・皮特BradPitt/汤姆・克鲁...","1994","美国","剧情奇幻惊悚","8.3","183409人评价"
"236","疯狂的石头","https://movie.douban.com/subject/1862151/","导演:宁浩HaoNing   主演:郭涛TaoGuo/刘桦HuaLiu/连晋TeddyLin","主演:郭涛TaoGuo/刘桦HuaLiu/连晋TeddyLin","2006","中国大陆香港","喜剧犯罪","8.2","279985人评价"
"237","枪火","https://movie.douban.com/subject/1300741/","导演:杜琪峰JohnnieTo   主演:吴镇宇FrancisNg/任达华SimonYam/...","主演:吴镇宇FrancisNg/任达华SimonYam/...","1999","香港","剧情动作犯罪","8.6","88175人评价"
"238","千钧一发","https://movie.douban.com/subject/1300117/","导演:安德鲁・尼科尔AndrewNiccol   主演:伊桑・霍克EthanHawke/乌玛...","主演:伊桑・霍克thanHawke/乌玛...","1997","美国","剧情科幻","8.7","74153人评价"
"239","中央车站","https://movie.douban.com/subject/1292218/","导演:WalterSalles   主演:FernandaMontenegro/MaríliaPêra/Viní...","主演:FernandaMontenegro/MaríliaPêra/Viní...","1998","巴西法国","剧情","8.7","71460人评价"
"240","爱在暹罗","https://movie.douban.com/subject/2365260/","导演:楚克<U+2027>萨克瑞科ChukiatSakveerakul   主演:维特维斯特・海伦亚沃...","主演:维特维斯特・海伦亚沃...","2007","泰国","剧情爱情同性家庭","8.3","207549人评价"
"241","爱在午夜降临前","https://movie.douban.com/subject/10808442/","导演:理查德・林克莱特RichardLinklater   主演:伊桑・霍克EthanHawke...","主演:伊桑・霍克thanHawke...","2013","美国","剧情爱情","8.7","102134人评价"
"242","月球","https://movie.douban.com/subject/3073124/","导演:邓肯・琼斯DuncanJones   主演:山姆・洛克威尔SamRockwell/凯文...","主演:山姆・洛克威尔SamRockwell/凯文...","2009","英国","剧情科幻悬疑","8.5","129909人评价"
"243","寿司之神","https://movie.douban.com/subject/6146955/","导演:大卫・贾柏DavidGelb   主演:小野二郎JiroOno/小野祯一Yoshik...","主演:小野二郎JiroOno/小野祯一Yoshik...","2011","美国","纪录片","8.8","73673人评价"
"244","我爱你","https://movie.douban.com/subject/5908478/","导演:秋昌民Chang-minChoo   主演:宋在河Jae-hoSong/李顺载Soon-jae...","主演:宋在河Jae-hoSong/李顺载Soon-jae...","2011","韩国","剧情爱情","9.0","49508人评价"
"245","两小无猜","https://movie.douban.com/subject/1308817/","导演:杨・塞谬尔YannSamuell   主演:吉约姆・卡内GuillaumeCanet/玛...","主演:吉约姆・卡内GuillaumeCanet/玛...","2003","法国比利时","喜剧剧情爱情","8.1","299544人评价"
"246","罪恶之城","https://movie.douban.com/subject/1309027/","导演:弗兰克・米勒FrankMiller/罗伯特・罗德里格兹RobertRodriguez   ...","...","2005","美国","动作犯罪惊悚","8.4","131217人评价"
"247","廊桥遗梦","https://movie.douban.com/subject/1293929/","导演:克林特・伊斯特伍德ClintEastwood   主演:克林特・伊斯特伍德Clint...","主演:克林特・伊斯特伍德Clint...","1995","美国","剧情爱情","8.5","88976人评价"
"248","假如爱有天意","https://movie.douban.com/subject/1304073/","导演:郭在容Jae-youngKwak   主演:孙艺珍Ye-jinSon/曹承佑Seung-woo...","主演:孙艺珍Ye-jinSon/曹承佑Seung-woo...","2003","韩国","剧情爱情","8.2","213102人评价"
"249","黑鹰坠落","https://movie.douban.com/subject/1291824/","导演:雷德利・斯科特RidleyScott   主演:乔什・哈奈特JoshHartnett/...","主演:乔什・哈奈特JoshHartnett/...","2001","美国","动作历史战争","8.5","99347人评价"
"250","角斗士","https://movie.douban.com/subject/1293530/","导演:RidleyScott   主演:RussellCrowe/JoaquinPhoenix/ConnieNielsen","主演:RussellCrowe/JoaquinPhoenix/ConnieNielsen","2000","英国美国","剧情动作历史冒险","8.4","119677人评价"
